subreddit,author,upvote_ratio,ups,total_awards_received,num_comments,created,section,added
nextfuckinglevel,MerleneHull,0.82,164579,1340,3888,2021-07-15 23:38:51,top,2021-07-16 09:28:01
interestingasfuck,ameen__shaikh,0.91,116446,154,3087,2021-07-15 18:12:58,top,2021-07-16 09:28:01
HolUp,thottuk,0.75,109716,322,5761,2021-07-15 21:22:54,top,2021-07-16 09:28:01
todayilearned,NihilsticEgotist,0.94,104534,61,1820,2021-07-16 02:52:52,top,2021-07-16 09:28:01
dankmemes,i_dont_eatbabies,0.92,103216,213,531,2021-07-15 17:37:11,top,2021-07-16 09:28:01
worldnews,NewserUser,0.67,98862,172,11096,2021-07-15 19:27:57,top,2021-07-16 09:28:01
nextfuckinglevel,johnfcknallen,0.93,100082,84,1920,2021-07-16 09:36:20,top,2021-07-16 09:28:01
aww,9999monkeys,0.94,92998,165,755,2021-07-15 22:50:42,top,2021-07-16 09:28:01
pics,plmoens,0.78,88665,117,4410,2021-07-15 19:49:49,top,2021-07-16 09:28:01
MadeMeSmile,jayy8143,0.94,86480,87,580,2021-07-16 04:47:50,top,2021-07-16 09:28:01
funny,theimmortalgrind,0.86,85079,98,950,2021-07-15 21:01:50,top,2021-07-16 09:28:01
WatchPeopleDieInside,Boojibs,0.89,81577,152,757,2021-07-16 00:45:06,top,2021-07-16 09:28:01
MadeMeSmile,sipthestreets,0.92,78769,238,680,2021-07-15 18:18:47,top,2021-07-16 09:28:01
news,JohntaviousWilliams,0.84,76996,42,9541,2021-07-16 05:49:00,top,2021-07-16 09:28:01
MadeMeSmile,gummyshroom,0.8,75303,259,1462,2021-07-15 23:06:40,top,2021-07-16 09:28:01
funny,But_a_Jape,0.89,72277,42,760,2021-07-15 23:02:17,top,2021-07-16 09:28:01
nextfuckinglevel,Thryloz,0.93,71638,72,692,2021-07-16 06:07:31,top,2021-07-16 09:28:01
nextfuckinglevel,fraterkdfgdfgfdg,0.89,70105,283,673,2021-07-15 17:55:33,top,2021-07-16 09:28:01
gaming,bitekr,0.9,68365,59,6470,2021-07-16 01:27:06,top,2021-07-16 09:28:01
technicallythetruth,-dommmm,0.97,67120,28,214,2021-07-15 19:11:47,top,2021-07-16 09:28:01
politics,Gambit08,0.93,66071,29,2593,2021-07-16 01:50:36,top,2021-07-16 09:28:01
2meirl4meirl,CountingNutters,0.92,64028,31,1346,2021-07-15 19:18:29,top,2021-07-16 09:28:01
facepalm,Flaky_Wonder8263,0.85,63591,32,2888,2021-07-16 01:49:39,top,2021-07-16 09:28:01
dankmemes,welpwow,0.84,62950,62,1585,2021-07-15 23:08:10,top,2021-07-16 09:28:01
WhitePeopleTwitter,pressplaytorecord,0.91,64153,17,697,2021-07-16 09:47:08,top,2021-07-16 09:28:01
aww,dikwizard420,0.92,62522,129,732,2021-07-16 05:37:31,top,2021-07-16 09:28:01
Unexpected,One_Laugh_Guy,0.84,61188,74,1065,2021-07-15 20:32:33,top,2021-07-16 09:28:01
NatureIsFuckingLit,qbert13mk,0.92,59828,54,752,2021-07-15 17:43:53,top,2021-07-16 09:28:01
mildlyinteresting,clairvoyantweed,0.96,59693,34,1484,2021-07-16 05:34:51,top,2021-07-16 09:28:01
TwoXChromosomes,adelinajacob,0.92,58710,48,1060,2021-07-15 20:55:32,top,2021-07-16 09:28:01
pics,kayfeldspar,0.87,58645,239,994,2021-07-16 04:14:44,top,2021-07-16 09:28:01
politics,lemonvolcano,0.82,58122,111,4836,2021-07-15 18:06:42,top,2021-07-16 09:28:01
PublicFreakout,springheeledjack69,0.92,57692,41,4938,2021-07-15 21:39:20,top,2021-07-16 09:28:01
me_irl,brandoncwaller,0.93,57632,63,282,2021-07-15 19:53:59,top,2021-07-16 09:28:01
DunderMifflin,harsha29o7,0.9,57467,21,595,2021-07-16 01:48:56,top,2021-07-16 09:28:01
Minecraft,TheMemeBugs,0.94,56867,94,971,2021-07-16 02:16:41,top,2021-07-16 09:28:01
HolUp,esberat,0.85,55563,37,836,2021-07-16 04:29:39,top,2021-07-16 09:28:01
interestingasfuck,E13C,0.96,55546,28,953,2021-07-16 06:30:05,top,2021-07-16 09:28:01
news,djh860,0.93,54350,21,9876,2021-07-15 19:21:57,top,2021-07-16 09:28:01
memes,IPB4WEGO,0.95,50656,16,675,2021-07-16 00:28:31,top,2021-07-16 09:28:01
LeopardsAteMyFace,macarty,0.87,49585,3,2013,2021-07-15 20:58:18,top,2021-07-16 09:28:01
WhitePeopleTwitter,SafeDepartment2770,0.9,49553,6,1631,2021-07-15 23:16:28,top,2021-07-16 09:28:01
WhitePeopleTwitter,ladsdevouress86,0.91,49192,58,525,2021-07-15 17:46:02,top,2021-07-16 09:28:01
todayilearned,TheAtheistArab87,0.96,48786,15,1762,2021-07-16 08:30:08,top,2021-07-16 09:28:01
wholesomememes,Macroc0sM,0.92,47407,49,329,2021-07-16 01:45:14,top,2021-07-16 09:28:01
aww,Elshoddbbek,0.81,46755,76,519,2021-07-15 17:52:08,top,2021-07-16 09:28:01
technicallythetruth,KoolAid_GH,0.86,47088,28,345,2021-07-16 03:04:24,top,2021-07-16 09:28:01
dankmemes,Dollon_da_God,0.94,46665,49,323,2021-07-16 07:46:00,top,2021-07-16 09:28:01
interestingasfuck,010,0.93,45879,68,1139,2021-07-16 00:39:59,top,2021-07-16 09:28:01
Futurology,speckz,0.88,44948,21,7955,2021-07-15 20:37:32,top,2021-07-16 09:28:01
